politics,foxnews
politics,foxnews
immigration,cnbc
immigration,thehill
politics,dailysignal
immigration,dailycaller
politics,investors
immigration,dispatch
politics,investors
immigration,dispatch
immigration,thehill
immigration,thehill
politics,dailysignal
immigration,nationalreview
immigration,thehill
politics,cbsnews
politics,nypost
immigration,dailysignal
politics,thehill
politics,thehill
immigration,thehill
politics,nypost
politics,nypost
politics,foxnews
politics,foxnews
immigration,nytimes
immigration,nytimes
immigration,baltimoresun
politics,usatoday
politics,usatoday
politics,ijr
politics,washingtontimes
immigration,dailysignal
immigration,montgomeryadvertiser
immigration,cnbc
immigration,cnbc
politics,wjla
politics,realclearpolitics
politics,washingtontimes
politics,nypost
politics,washingtontimes
immigration,nytimes
news,telegraphherald
politics,nypost
politics,foxnews
politics,foxnews
news,foxnews
news,foxnews
politics,cbsnews
politics,cbsnews
immigration,cleveland
immigration,dailysignal
politics,dailysignal
immigration,clarionledger
immigration,clarionledger
news,washingtontimes
news,washingtontimes
politics,politico
politics,amgreatness
immigration,businessinsider
immigration,businessinsider
politics,foxnews
politics,foxnews
immigration,washingtonpost
immigration,usatoday
immigration,politico
immigration,marketwatch
immigration,dailysignal
politics,realclearpolitics
politics,foxnews
immigration,thehill
politics,nationalreview
news,foxnews
news,foxnews
news,foxnews
immigration,nypost
news,thehill
immigration,courier-journal
politics,thehill
immigration,thehill
immigration,cnbc
politics,jta.org
politics,jta.org
immigration,washingtonian
immigration,dailysignal
immigration,pjmedia
news,washingtontimes
politics,dailycaller
politics,foxnews
politics,foxnews
news,dallasnews
politics,thehill
news,washingtontimes
immigration,politico
immigration,businessinsider
politics,freebeacon
politics,dailycaller
politics,dailycaller
politics,dailycaller
immigration,usatoday
politics,freebeacon
immigration,dailycaller
immigration,businessinsider
politics,realclearpolitics
politics,amgreatness
politics,dallasnews
politics,dallasnews
immigration,marketwatch
immigration,marketwatch
news,washingtontimes
politics,richmond
politics,usatoday
politics,usatoday
immigration,elnuevodia
immigration,elnuevodia
news,detroitnews
news,nypost
immigration,marketwatch
immigration,richmond
immigration,cnbc
immigration,usatoday
immigration,usatoday
politics,thehill
immigration,wsj
immigration,freebeacon
news,news.gallup
news,apnews
news,apnews
immigration,miamiherald
news,haaretz
immigration,thehill
politics,dailysignal
immigration,cnbc
immigration,marketwatch
news,thehill
news,washingtontimes
immigration,rapidcityjournal
immigration,cnbc
immigration,usatoday
immigration,cincinnati
immigration,cincinnati
politics,freebeacon
politics,foxnews
politics,nytimes
immigration,blogs.wsj
news,washingtontimes
politics,realclearpolitics
immigration,foxbusiness
politics,washingtonpost
immigration,nypost
politics,thehill
politics,foxnews
politics,foxnews
immigration,realclearpolicy
immigration,foxbusiness
politics,thehill
news,washingtontimes
news,washingtontimes
politics,freebeacon
politics,freebeacon
immigration,usatoday
immigration,nytimes
immigration,nytimes
politics,usatoday
politics,usatoday
politics,foxnews
politics,foxnews
politics,foxnews
politics,foxnews
politics,dailysignal
politics,dailysignal
politics,usatoday
immigration,foxbusiness
politics,realclearpolitics
politics,realclearpolitics
politics,cleveland
immigration,miamiherald
immigration,miamiherald
immigration,postandcourier
immigration,startribune
immigration,post-gazette
immigration,desmoinesregister
immigration,desmoinesregister
immigration,foxbusiness
immigration,foxbusiness
immigration,nationalreview
politics,washingtontimes
politics,washingtontimes
politics,nytimes
politics,nationalreview
politics,washingtontimes
news,washingtontimes
politics,nypost
politics,foxnews
politics,usatoday
politics,foxnews
politics,foxnews
news,duluthnewstribune
immigration,orlandosentinel
news,washingtontimes
politics,abcnews.go
immigration,unionleader
immigration,cnbc
immigration,wsj
politics,washingtontimes
politics,nytimes
immigration,freebeacon
politics,foxnews
politics,thehill
news,cnbc
immigration,dailysignal
politics,nypost
politics,washingtontimes
politics,washingtontimes
immigration,wsj
immigration,wsj
immigration,marketwatch
news,apnews
immigration,sacbee
immigration,sacbee
news,news.gallup
immigration,miamiherald
immigration,sungazette
immigration,post-gazette
immigration,post-gazette
immigration,americanthinker
politics,breitbart
politics,breitbart
politics,thehill
immigration,thehill
immigration,usatoday
politics,foxnews
politics,foxnews
news,washingtontimes
news,washingtontimes
politics,politico
politics,politico
politics,kyma
politics,nytimes
politics,foxnews
politics,foxnews
politics,dailysignal
politics,dailysignal
news,duluthnewstribune
politics,cnbc
immigration,sgvtribune
immigration,breitbart
immigration,dailysignal
politics,azcentral
news,dailywire
immigration,nationalreview
immigration,thehill
politics,huffingtonpost
immigration,dailysignal
news,washingtontimes
immigration,tbo
politics,nypost
politics,washingtonpost
politics,breitbart
immigration,usatoday
immigration,sandiegouniontribune
immigration,wvrecord
news,washingtontimes
politics,foxnews
immigration,dailysignal
politics,thehill
immigration,marketwatch
immigration,wsj
immigration,wsj
politics,nbcnews
politics,dailycaller
news,washingtontimes
news,apnews
politics,stripes
politics,azcentral
politics,washingtontimes
politics,thehill
news,newsok
immigration,richmond
politics,investors
immigration,nationalreview
politics,nationalinterest.org
news,redding
immigration,dailysignal
politics,nypost
immigration,thehill
politics,nypost
politics,nypost
immigration,dailycaller
news,washingtontimes
immigration,dailysignal
politics,philly
politics,thehill
politics,richmond
politics,washingtontimes
politics,investors
politics,pittsburgh.cbslocal
immigration,richmond
immigration,foxbusiness
immigration,thehill
immigration,adn
immigration,nypost
politics,washingtontimes
immigration,marketwatch
news,foxnews
politics,dailysignal
politics,foxnews
immigration,amp.kansascity
politics,cbsnews
politics,investors
politics,dispatch
politics,foxnews
immigration,alquds
news,news.gallup
immigration,thehill
politics,nypost
news,washingtontimes
politics,foxnews
immigration,usatoday
news,foxnews
politics,thehill
immigration,nypost
immigration,ocregister
immigration,cnbc
politics,detroitnews
immigration,nypost
politics,chicagotribune
politics,foxnews
immigration,politico
immigration,nypost
immigration,boston.cbslocal
immigration,nypost
immigration,usatoday
politics,foxnews
politics,investors
immigration,politico
politics,washingtontimes
immigration,gazette
politics,foreignpolicy
politics,investors
politics,nytimes
politics,cnbc
immigration,huffingtonpost
politics,thehill
news,washingtontimes
news,wsls
immigration,alreporter
immigration,dailysignal
politics,washingtontimes
politics,dailyherald
politics,thehill
politics,tennessean
politics,nypost
news,washingtontimes
politics,nationalreview
politics,realclearpolitics
immigration,usatoday
immigration,omaha
politics,cincinnati
immigration,npr.org
news,washingtontimes
immigration,thehill
news,foxnews
immigration,ocregister
immigration,nationalreview
immigration,amgreatness
politics,thehill
politics,nationalreview
politics,foxnews
immigration,businessinsider
politics,dailysignal
immigration,weeklystandard
politics,cbsnews
politics,thehill
immigration,freebeacon
politics,realclearpolitics
politics,cnbc
news,washingtontimes
immigration,thehill
immigration,freebeacon
immigration,unionleader
politics,cnbc
politics,nypost
news,baltimoresun
politics,washingtontimes
politics,freebeacon
politics,foxnews
news,washingtontimes
politics,dailysignal
immigration,indystar
politics,cnn
politics,usatoday
immigration,freebeacon
politics,thehill
immigration,nytimes
news,washingtontimes
immigration,dailysignal
politics,azcentral
news,foxnews
politics,washingtontimes
politics,thehill
politics,dallasnews
immigration,wsj
politics,recode.net
news,foxnews
immigration,usatoday
immigration,freebeacon
immigration,usatoday
politics,wsj
news,dailysignal
politics,thehill
immigration,realclearpolicy
news,washingtontimes
politics,thehill
politics,cnbc
politics,nbcnews
politics,nypost
immigration,dailysignal
politics,foxnews
politics,washingtonpost
news,washingtontimes
politics,usatoday
politics,nypost
immigration,gcaptain
immigration,wsj
politics,thehill
immigration,wsj
politics,cnn
politics,foxnews
politics,thehill
immigration,freebeacon
immigration,nationalinterest.org
immigration,cnbc
immigration,wsj
politics,wsj
news,washingtontimes
news,nbcnews
politics,washingtontimes
immigration,wsj
politics,cnbc
politics,thehill
politics,realclearpolitics
immigration,thehill
politics,thehill
immigration,wsj
immigration,tampabay
politics,al
immigration,usatoday
news,washingtontimes
politics,nytimes
news,chicago.suntimes
politics,washingtontimes
immigration,dailycaller
politics,orlandosentinel
immigration,nytimes
politics,thehill
politics,cnn
immigration,sltrib
politics,cnsnews
immigration,cnbc
immigration,dailycaller
politics,foxnews
news,foxnews
immigration,commercialappeal
immigration,usatoday
immigration,dailysignal
immigration,thehill
immigration,thehill
immigration,heritage.org
immigration,marketwatch
immigration,cnbc
politics,thehill
politics,weeklystandard
politics,foxnews
politics,washingtontimes
immigration,freebeacon
news,washingtontimes
immigration,thehill
news,apnews
immigration,nationalreview
news,foxnews
immigration,thehill
immigration,nypost
politics,desmoinesregister
immigration,freebeacon
news,chicagotribune
politics,thehill
politics,nypost
immigration,freebeacon
politics,nypost
immigration,thehill
immigration,weeklystandard
politics,usatoday
politics,nypost
politics,thehill
immigration,thehill
politics,realclearpolitics
politics,cnn
immigration,washingtonpost
politics,foxnews
immigration,post-gazette
news,washingtonpost
politics,nytimes
politics,washingtontimes
news,foxnews
politics,dailysignal
immigration,conservativereview
immigration,nypost
politics,thehill
immigration,usatoday
politics,freebeacon
politics,foxnews
news,washingtontimes
politics,realclearpolitics
immigration,thefederalist
immigration,cleveland
politics,foxnews
news,washingtontimes
immigration,thehill
politics,nytimes
politics,amgreatness
politics,washingtonpost
politics,washingtonpost
news,washingtonpost
news,washingtonpost
immigration,ijr
immigration,dailysignal
news,washingtontimes
politics,weeklystandard
politics,thehill
news,washingtontimes
immigration,usatoday
politics,thehill
politics,thehill
politics,azcentral
news,washingtontimes
immigration,realclearpolicy
immigration,cnbc
politics,dailysignal
politics,foxnews
immigration,marketwatch
politics,usatoday
politics,thefederalist
immigration,dailysignal
politics,mcall
news,wmc.org
politics,thehill
politics,thehill
politics,nypost
politics,observer
immigration,stltoday
politics,thehill
immigration,tampabay
immigration,pennlive
politics,foxnews
politics,politico
politics,covnews
politics,herald-dispatch
immigration,washingtonpost
politics,ajc
politics,foxnews
politics,foxnews
immigration,nationalreview
politics,washingtontimes
politics,dailysignal
politics,thehill
politics,washingtontimes
news,news-leader
news,foxnews
immigration,texastribune.org
immigration,denverpost
politics,foxnews
news,washingtontimes
news,washingtontimes
news,washingtontimes
immigration,nypost
politics,usatoday
politics,nypost
politics,weeklystandard
immigration,freebeacon
news,detroitnews
immigration,thehill
immigration,freebeacon
politics,dailycaller
immigration,thehill
immigration,dailysignal
politics,foxnews
immigration,nationalreview
politics,thehill
immigration,usatoday
news,arkansasonline
immigration,nytimes
immigration,courier-journal
news,washingtonexaminer
news,dailysignal
immigration,cnbc
immigration,centralmaine
politics,dailycaller
news,thehill
immigration,cnn
news,washingtonexaminer
news,washingtonexaminer
politics,washingtonexaminer
politics,washingtonexaminer
immigration,washingtonexaminer
politics,washingtonexaminer
politics,washingtonexaminer
politics,washingtonexaminer
news,washingtonexaminer
politics,washingtonexaminer
politics,washingtonexaminer
politics,washingtonexaminer
news,nbcnews
politics,washingtonexaminer
politics,washingtonexaminer
news,washingtonexaminer
immigration,washingtonexaminer
politics,washingtonexaminer
news,washingtonexaminer
politics,washingtonexaminer
immigration,washingtonexaminer
politics,washingtonexaminer
news,miamiherald
news,washingtonpost
immigration,freebeacon
immigration,freebeacon
immigration,freebeacon
politics,washingtonexaminer
politics,washingtonexaminer
immigration,washingtonexaminer
politics,washingtonexaminer
politics,washingtonexaminer
immigration,washingtonexaminer
news,washingtonexaminer
news,washingtonexaminer
news,washingtonexaminer
immigration,washingtonexaminer
politics,washingtonexaminer
politics,washingtonexaminer
politics,washingtonexaminer
politics,washingtonexaminer
politics,washingtonexaminer
politics,washingtonexaminer
news,washingtonexaminer
news,washingtonexaminer
immigration,washingtonexaminer
immigration,washingtonexaminer
immigration,washingtonexaminer
politics,freebeacon
immigration,thefederalist
news,clarionledger
immigration,freebeacon
immigration,cnn
immigration,creators
politics,washingtonexaminer
politics,washingtonexaminer
politics,washingtonexaminer
politics,washingtonexaminer
politics,washingtonexaminer
politics,washingtonexaminer
politics,washingtonexaminer
immigration,washingtonexaminer
immigration,washingtonexaminer
immigration,washingtonexaminer
immigration,washingtonexaminer
immigration,washingtonpost
politics,washingtonexaminer
politics,washingtonexaminer
immigration,washingtonexaminer
immigration,washingtonexaminer
politics,washingtonexaminer
immigration,washingtonexaminer
news,washingtonexaminer
politics,cbsnews
news,cbsnews
immigration,syracuse
politics,cbsnews
immigration,timesofisrael
immigration,washingtonexaminer
politics,washingtonexaminer
politics,washingtonexaminer
immigration,washingtonexaminer
politics,washingtonexaminer
politics,washingtonexaminer
immigration,washingtonexaminer
politics,washingtonexaminer
immigration,washingtonexaminer
immigration,washingtonexaminer
immigration,syracuse
news,apnews
news,apnews
politics,washingtonexaminer
immigration,washingtonexaminer
politics,washingtonexaminer
immigration,washingtonexaminer
immigration,washingtonexaminer
politics,washingtonexaminer
politics,washingtonexaminer
news,miamiherald
politics,pennlive
politics,nbcnews
politics,washingtontimes
news,apnews
immigration,washingtonexaminer
politics,washingtonexaminer
immigration,washingtonexaminer
politics,washingtonexaminer
immigration,washingtonexaminer
immigration,washingtonexaminer
immigration,washingtonexaminer
immigration,washingtonexaminer
politics,washingtonexaminer
immigration,washingtonexaminer
immigration,washingtonexaminer
politics,washingtonexaminer
politics,washingtonexaminer
immigration,washingtonexaminer
politics,washingtonexaminer
immigration,washingtonexaminer
politics,washingtonexaminer
politics,washingtonexaminer
immigration,washingtonexaminer
immigration,washingtonexaminer
politics,washingtonexaminer
politics,washingtonexaminer
immigration,washingtonexaminer
immigration,washingtonexaminer
politics,washingtonexaminer
politics,washingtonexaminer
politics,washingtonexaminer
politics,washingtonexaminer
politics,washingtonexaminer
politics,washingtonexaminer
politics,washingtontimes
politics,washingtonexaminer
news,washingtontimes
immigration,washingtonexaminer
immigration,washingtonexaminer
immigration,washingtonexaminer
politics,washingtonexaminer
politics,washingtonexaminer
politics,nbcnews
news,idahopress
news,apnews
news,news.gallup
news,newsobserver
immigration,washingtonexaminer
politics,washingtonexaminer
immigration,washingtonexaminer
news,washingtonexaminer
politics,washingtonexaminer
immigration,washingtonexaminer
immigration,washingtonexaminer
politics,washingtonexaminer
politics,washingtonexaminer
immigration,washingtonexaminer
immigration,washingtonexaminer
immigration,washingtonexaminer
immigration,washingtonexaminer
immigration,washingtonexaminer
immigration,washingtonexaminer
immigration,washingtonexaminer
immigration,washingtonexaminer
politics,washingtonexaminer
politics,gallup
immigration,theadvocate
politics,statesman
politics,washingtonexaminer
politics,washingtonexaminer
immigration,washingtonexaminer
immigration,washingtonexaminer
politics,washingtonexaminer
immigration,washingtonexaminer
immigration,washingtonexaminer
immigration,washingtonexaminer
immigration,washingtonexaminer
politics,washingtonexaminer
politics,washingtonexaminer
immigration,washingtonexaminer
politics,wsj
immigration,wsj
immigration,wsj
immigration,wsj
news,buffalonews
politics,wsj
politics,fortune
politics,americafirstpolicies.org
immigration,thegazette
politics,wsj
immigration,wsj
immigration,wsj
immigration,wsj
immigration,wsj
immigration,wsj
immigration,wsj
immigration,wsj
immigration,wsj
immigration,wsj
immigration,wsj
politics,wsj
immigration,wsj
immigration,mdjonline
immigration,insidehighered
immigration,wsj
immigration,wsj
immigration,wsj
immigration,wsj
immigration,wsj
immigration,wsj
immigration,wsj
immigration,wsj
immigration,cleveland
immigration,wsj
immigration,wsj
politics,wsj
immigration,wsj
immigration,wsj
politics,wsj
politics,washingtontimes
immigration,wsj
immigration,wsj
politics,wsj
immigration,wsj
immigration,wsj
politics,wsj
immigration,wsj
politics,washingtontimes
immigration,wsj
immigration,wsj
immigration,wsj
immigration,wsj
immigration,wsj
politics,wsj
politics,wsj
immigration,wsj
politics,wsj
immigration,wsj
immigration,wsj
immigration,wsj
immigration,wsj
immigration,pilotonline
immigration,wsj
immigration,wsj
immigration,wsj
politics,wsj
immigration,wsj
immigration,wsj
immigration,wsj
politics,wsj
politics,wsj
immigration,wsj
immigration,wsj
immigration,wsj
immigration,usatoday
immigration,usatoday
immigration,wsj
immigration,usatoday
immigration,usatoday
politics,usatoday
immigration,usatoday
immigration,usatoday
politics,usatoday
politics,usatoday
immigration,usatoday
politics,usatoday
immigration,usatoday
politics,usatoday
politics,usatoday
politics,usatoday
immigration,wsj
immigration,usatoday
politics,usatoday
immigration,wsj
immigration,wsj
immigration,wsj
immigration,wsj
politics,wsj
immigration,wsj
immigration,wsj
immigration,wsj
immigration,usatoday
news,washingtontimes
immigration,dailycaller
politics,dailycaller
news,thehill
immigration,kansascity
news,news.gallup
politics,nationalreview
news,miamiherald
immigration,mcclatchydc
immigration,wsj
immigration,nationalreview
immigration,nationalreview
politics,nationalreview
immigration,nationalreview
immigration,thehill
politics,nationalreview
politics,nationalreview
immigration,nationalreview
immigration,nationalreview
immigration,thehill
news,miamiherald
politics,mcclatchydc
immigration,wsj
immigration,wsj
politics,thehill
immigration,nationalreview
immigration,nationalreview
politics,foxnews
immigration,jsonline
news,unionleader
politics,thehill
politics,foxnews
politics,washingtontimes
politics,politico
immigration,marketwatch
immigration,washingtonpost
politics,thehill
immigration,realclearpolicy
immigration,dailysignal
immigration,thehill
politics,thehill
immigration,thehill
politics,thehill
politics,thehill
immigration,thehill
politics,thehill
news,wsj
politics,wsj
politics,investors
politics,investors
politics,healthcareitnews
immigration,americanactionforum.org
immigration,thehill
politics,thehill
immigration,thehill
politics,thehill
immigration,wsj
politics,thehill
politics,thehill
immigration,thehill
immigration,thehill
politics,thehill
immigration,wsj
politics,thehill
politics,thehill
immigration,thehill
immigration,thehill
immigration,wsj
politics,thehill
immigration,thehill
politics,thehill
politics,thehill
politics,thehill
politics,thehill
immigration,thehill
immigration,thehill
immigration,thehill
news,tucson
immigration,courant
immigration,denverpost
immigration,denverpost
politics,detroitnews
immigration,foxbusiness
politics,foxnews
news,wcfcourier
news,foxnews
politics,foxnews
politics,foxnews
politics,foxnews
news,foxnews
news,foxnews
politics,foxnews
news,foxnews
news,foxnews
news,foxnews
politics,foxnews
politics,foxnews
politics,foxnews
politics,foxnews
politics,foxnews
politics,foxnews
politics,foxnews
immigration,reuters
immigration,reuters
immigration,cnn
politics,edition.cnn
immigration,cnn
immigration,cnn
immigration,reuters
politics,cnbc
immigration,shopfloor.org
immigration,cincinnati
immigration,about.bgov
immigration,cnbc
politics,townhall
politics,reuters
immigration,reuters
politics,.cbn
immigration,forbes
immigration,cnn
politics,stltoday
politics,stltoday
politics,nydailynews
politics,cnbc
immigration,reuters
politics,reuters
politics,reuters
politics,reuters
politics,reuters
politics,cnn
immigration,reuters
immigration,reuters
immigration,unionleader
politics,reuters
politics,theatlantic
politics,cnn
immigration,reuters
immigration,reuters
politics,reuters
politics,washingtontimes
immigration,reuters
politics,cnn
immigration,reuters
news,washingtontimes
politics,forbes
news,nydailynews
politics,theatlantic
immigration,forbes
politics,washingtontimes
immigration,thefederalist
politics,nytimes
politics,cnsnews
politics,washingtontimes
politics,tennessean
immigration,stltoday
immigration,realcleareducation
politics,politico
news,washingtontimes
immigration,washingtonpost
politics,latimes
immigration,freebeacon
news,washingtontimes
immigration,npr.org
immigration,unionleader
immigration,weeklystandard
politics,dailysignal
news,washingtontimes
politics,thefederalist
immigration,forbes
politics,washingtontimes
immigration,laconiadailysun
news,washingtonpost
news,washingtonpost
politics,washingtonpost
news,apnews
immigration,ocregister
immigration,azcentral
politics,realclearpolitics
politics,cnbc
immigration,reuters
immigration,cnbc
news,detroitnews
news,nypost
politics,tulsaworld
news,washingtontimes
immigration,forbes
immigration,thefederalist
politics,nytimes
immigration,dailysignal
politics,realclearpolitics
immigration,dailysignal
immigration,nypost
immigration,unionleader
politics,cnbc
immigration,nypost
news,washingtontimes
politics,amgreatness
immigration,npr.org
politics,dailysignal
politics,politico
news,money.cnn
news,washingtontimes
news,cnsnews
immigration,cnbc
immigration,desmoinesregister
immigration,seattletimes
politics,nypost
immigration,thefederalist
immigration,marketwatch
immigration,unionleader
news,washingtontimes
immigration,foxbusiness
immigration,cityandstatepa
news,myajc
immigration,nypost
politics,nypost
politics,nypost
news,washingtontimes
news,cnbc
immigration,aei
politics,bizjournals
politics,recode.net
politics,washingtonpost
immigration,nypost
immigration,thefederalist
politics,nytimes
politics,reuters
immigration,reuters
politics,nypost
immigration,philly
politics,cnn
politics,nytimes
news,baltimoresun
politics,realclearpolitics
politics,washingtontimes
politics,cnbc
immigration,cnbc
politics,spokesman
politics,indystar
immigration,reuters
immigration,townhall
immigration,nypost
politics,cbsnews
immigration,americanactionforum.org
news,fox5dc
politics,rfdtv
politics,foxnews
politics,cnn
politics,nytimes
news,insider.foxnews
politics,realclearpolitics
immigration,nytimes
politics,nypost
immigration,economics21.org
politics,realclearpolitics
politics,cnn
immigration,weeklystandard
politics,dailysignal
immigration,freebeacon
politics,amgreatness
immigration,reuters
news,washingtontimes
immigration,freebeacon
immigration,reuters
immigration,philly
news,commerce.gov
politics,washingtontimes
news,citizen-times
news,washingtontimes
politics,washingtontimes
politics,cbn
immigration,observer
politics,nytimes
politics,washingtonpost
immigration,washingtonpost
immigration,weeklystandard
immigration,dailysignal
politics,realclearpolitics
immigration,cnbc
politics,washingtontimes
politics,cnbc
politics,freep
politics,dailysignal
immigration,cnbc
politics,nypost
immigration,cnbc
immigration,realclearpolicy
politics,bostonherald
news,washingtontimes
politics,cnsnews
immigration,cnn
politics,cnbc
immigration,foxbusiness
politics,washingtontimes
politics,amgreatness
politics,newyork.cbslocal
politics,dailysignal
news,apnews
news,deseretnews
politics,nypost
politics,washingtontimes
politics,nytimes
immigration,peninsulaclarion
immigration,dailysignal
politics,washingtontimes
politics,cnn
news,freebeacon
politics,cnn
immigration,unionleader
politics,washingtonpost
immigration,reuters
immigration,unionleader
politics,robesonian
politics,politico
immigration,dailysignal
politics,nysun
news,cincinnati
immigration,washingtonpost
immigration,washingtonpost
politics,bostonherald
immigration,axios
immigration,axios
politics,axios
politics,americancommitment.org
news,washingtonpost
immigration,washingtonpost
immigration,washingtonpost
immigration,bostonherald
immigration,washingtonpost
immigration,washingtonpost
immigration,washingtonpost
immigration,washingtonpost
immigration,washingtonpost
politics,washingtonpost
immigration,washingtonpost
immigration,washingtonpost
immigration,washingtonpost
immigration,washingtonpost
politics,washingtonpost
immigration,washingtonpost
politics,washingtonpost
politics,edsource.org
politics,investors
politics,investors
politics,bgdailynews
politics,wsj
immigration,wsj
immigration,wsj
politics,cbsnews
politics,investors
politics,investors
politics,investors
politics,investors
politics,usnews
politics,investors
politics,investors
news,usnews
news,usnews
immigration,aei.org
politics,investors
politics,investors
immigration,host.madison
politics,investors
news,yahoo
news,spacenews
news,bizjournals
politics,abcnews.go
politics,abcnews.go
politics,abcnews.go
politics,investors
politics,abcnews.go
news,abcnews.go
news,abcnews.go
immigration,clermontsun
immigration,clermontsun
news,newsmax
politics,newsmax
politics,newsmax
news,newsmax
immigration,bostonherald
politics,bostonherald
immigration,bostonherald
politics,bostonherald
politics,bostonglobe
immigration,bostonglobe
immigration,bostonglobe
immigration,lifezette
politics,lifezette
politics,lifezette
politics,investors
politics,investors
politics,investors
politics,investors
immigration,axios
politics,nbcnews
politics,washingtontimes
news,apnews
news,apnews
news,apnews
news,washingtontimes
politics,cbsnews
news,apnews
immigration,wsj
politics,washingtonpost
politics,washingtontimes
politics,bismarcktribune
news,apnews
immigration,kansascity
news,christianpost
news,cbsnews
politics,washingtontimes
news,apnews
politics,investors
politics,washingtontimes
news,tulsaworld
news,apnews
politics,washingtontimes
news,apnews
news,apnews
news,bloomberg
news,apnews
immigration,ft
immigration,ft
immigration,ft
news,bloomberg
politics,bloomberg
politics,bloomberg
news,bloomberg
news,bloomberg
news,bloomberg
news,bloomberg
news,bloomberg
news,bloomberg
politics,bloomberg
news,bloomberg
news,bloomberg
news,bloomberg
news,bloomberg
news,bloomberg
politics,bloomberg
politics,bloomberg
politics,bloomberg
immigration,bloomberg
immigration,bloomberg
immigration,bloomberg
immigration,bloomberg
immigration,bloomberg
news,bloomberg
politics,bloomberg
news,bloomberg
news,arkansasonline
news,arkansasonline
news,arkansasonline
news,arkansasonline
